{"Decision Tree": 0.7662337662337663, "AdaboostClassifier": 0.7662337662337663, "Gradient Boosting Classifier": 0.7532467532467533, "Random Forest Classifier": 0.7597402597402597, "Support Vector Machine": 0.7597402597402597, "K Nearest Neighbours": 0.6948051948051948, "Naive Bayes": 0.7662337662337663, "Catboost Classifier": 0.7467532467532467, "Logistic Regression": 0.7532467532467533, "XGBoost Classifier": 0.7077922077922078}